-- 后台管理权限菜单初始化 SQL，仅生成不自动执行。
-- 适用于 MySQL；如 ID 与现有数据冲突，请先按实际库数据调整。

INSERT IGNORE INTO `t_role`
(`id`, `create_time`, `update_time`, `code`, `name`, `description`, `is_active`)
VALUES
(2067963391396630528, NOW(), NOW(), 'super_admin', '超级管理员', '拥有全部后台菜单和按钮权限', 1),
(1646536974896476162, NOW(), NOW(), 'admin', '管理员', '后台管理默认角色', 1);

INSERT IGNORE INTO `t_menu`
(`id`, `create_time`, `update_time`, `parent_id`, `code`, `name`, `menu_type`, `route_name`, `path`, `component`, `icon`, `hidden`, `always_show`, `is_out_link`, `index`, `is_active`)
VALUES
(2067963391396630530, NOW(), NOW(), 0, 'dashboard', '概览', 0, 'Dashboard', '/dashboard', NULL, 'lucide:layout-dashboard', 0, 0, 0, -1, 1),
(2067963391396630531, NOW(), NOW(), 2067963391396630530, 'dashboard:analytics', '分析页', 1, 'Analytics', '/analytics', '/dashboard/analytics/index', 'lucide:area-chart', 0, 0, 0, 1, 1),

(2067963391396630532, NOW(), NOW(), 0, 'system', '系统管理', 0, 'System', '/system', NULL, 'carbon:settings', 0, 0, 0, 100, 1),
(2067963391396630533, NOW(), NOW(), 2067963391396630532, 'system:menu', '菜单管理', 1, 'SystemMenu', '/system/menu', '/system/menu/index', 'carbon:menu', 0, 0, 0, 101, 1),
(2067963391396630534, NOW(), NOW(), 2067963391396630533, 'system:menu:query', '菜单查询', 2, '', '', '', '', 0, 0, 0, 101001, 1),
(2067963391396630535, NOW(), NOW(), 2067963391396630533, 'system:menu:create', '菜单新增', 2, '', '', '', '', 0, 0, 0, 101002, 1),
(2067963391396630536, NOW(), NOW(), 2067963391396630533, 'system:menu:update', '菜单编辑', 2, '', '', '', '', 0, 0, 0, 101003, 1),
(2067963391396630537, NOW(), NOW(), 2067963391396630533, 'system:menu:delete', '菜单删除', 2, '', '', '', '', 0, 0, 0, 101004, 1),

(2067969211748483072, NOW(), NOW(), 2067963391396630532, 'system:user', '用户管理', 1, 'SystemUser', '/system/user', '/system/user/index', 'carbon:user', 0, 0, 0, 102, 1),
(2067969211748483073, NOW(), NOW(), 2067969211748483072, 'system:user:query', '用户查询', 2, '', '', '', '', 0, 0, 0, 102001, 1),
(2067969211748483074, NOW(), NOW(), 2067969211748483072, 'system:user:create', '用户新增', 2, '', '', '', '', 0, 0, 0, 102002, 1),
(2067969211748483075, NOW(), NOW(), 2067969211748483072, 'system:user:update', '用户编辑', 2, '', '', '', '', 0, 0, 0, 102003, 1),
(2067969211748483076, NOW(), NOW(), 2067969211748483072, 'system:user:delete', '用户删除', 2, '', '', '', '', 0, 0, 0, 102004, 1),
(2067969211748483077, NOW(), NOW(), 2067969211748483072, 'system:user:role', '用户授权', 2, '', '', '', '', 0, 0, 0, 102005, 1),

(2067963391396630538, NOW(), NOW(), 2067963391396630532, 'system:role', '角色管理', 1, 'SystemRole', '/system/role', '/system/role/index', 'carbon:user-role', 0, 0, 0, 103, 1),
(2067963391396630539, NOW(), NOW(), 2067963391396630538, 'system:role:query', '角色查询', 2, '', '', '', '', 0, 0, 0, 103001, 1),
(2067963391396630540, NOW(), NOW(), 2067963391396630538, 'system:role:create', '角色新增', 2, '', '', '', '', 0, 0, 0, 103002, 1),
(2067963391396630541, NOW(), NOW(), 2067963391396630538, 'system:role:update', '角色编辑', 2, '', '', '', '', 0, 0, 0, 103003, 1),
(2067963391396630542, NOW(), NOW(), 2067963391396630538, 'system:role:delete', '角色删除', 2, '', '', '', '', 0, 0, 0, 103004, 1),
(2067963391396630543, NOW(), NOW(), 2067963391396630538, 'system:role:auth', '角色授权', 2, '', '', '', '', 0, 0, 0, 103005, 1);

INSERT IGNORE INTO `t_role_menu`
(`id`, `create_time`, `update_time`, `role_id`, `menu_id`)
VALUES
(2067963391396630544, NOW(), NOW(), 2067963391396630528, 2067963391396630530),
(2067963391396630545, NOW(), NOW(), 2067963391396630528, 2067963391396630531),
(2067963391396630546, NOW(), NOW(), 2067963391396630528, 2067963391396630532),
(2067963391396630547, NOW(), NOW(), 2067963391396630528, 2067963391396630533),
(2067963391396630548, NOW(), NOW(), 2067963391396630528, 2067963391396630534),
(2067963391396630549, NOW(), NOW(), 2067963391396630528, 2067963391396630535),
(2067963391396630550, NOW(), NOW(), 2067963391396630528, 2067963391396630536),
(2067963391396630551, NOW(), NOW(), 2067963391396630528, 2067963391396630537),
(2067963391396630552, NOW(), NOW(), 2067963391396630528, 2067969211748483072),
(2067963391396630553, NOW(), NOW(), 2067963391396630528, 2067969211748483073),
(2067963391396630554, NOW(), NOW(), 2067963391396630528, 2067969211748483074),
(2067963391396630555, NOW(), NOW(), 2067963391396630528, 2067969211748483075),
(2067963391396630556, NOW(), NOW(), 2067963391396630528, 2067969211748483076),
(2067963391396630557, NOW(), NOW(), 2067963391396630528, 2067969211748483077),
(2067969211748483078, NOW(), NOW(), 2067963391396630528, 2067963391396630538),
(2067969211748483079, NOW(), NOW(), 2067963391396630528, 2067963391396630539),
(2067969211748483080, NOW(), NOW(), 2067963391396630528, 2067963391396630540),
(2067969211748483081, NOW(), NOW(), 2067963391396630528, 2067963391396630541),
(2067969211748483082, NOW(), NOW(), 2067963391396630528, 2067963391396630542),
(2067969211748483083, NOW(), NOW(), 2067963391396630528, 2067963391396630543),

(2067963391396630558, NOW(), NOW(), 1646536974896476162, 2067963391396630530),
(2067963391396630559, NOW(), NOW(), 1646536974896476162, 2067963391396630531),
(2067963391396630560, NOW(), NOW(), 1646536974896476162, 2067963391396630532),
(2067963391396630561, NOW(), NOW(), 1646536974896476162, 2067963391396630533),
(2067963391396630562, NOW(), NOW(), 1646536974896476162, 2067963391396630534),
(2067963391396630563, NOW(), NOW(), 1646536974896476162, 2067963391396630535),
(2067963391396630564, NOW(), NOW(), 1646536974896476162, 2067963391396630536),
(2067963391396630565, NOW(), NOW(), 1646536974896476162, 2067963391396630537),
(2067963391396630566, NOW(), NOW(), 1646536974896476162, 2067969211748483072),
(2067963391396630567, NOW(), NOW(), 1646536974896476162, 2067969211748483073),
(2067963391396630568, NOW(), NOW(), 1646536974896476162, 2067969211748483074),
(2067963391396630569, NOW(), NOW(), 1646536974896476162, 2067969211748483075),
(2067963391396630570, NOW(), NOW(), 1646536974896476162, 2067969211748483076),
(2067963391396630571, NOW(), NOW(), 1646536974896476162, 2067969211748483077),
(2067969211748483084, NOW(), NOW(), 1646536974896476162, 2067963391396630538),
(2067969211748483085, NOW(), NOW(), 1646536974896476162, 2067963391396630539),
(2067969211748483086, NOW(), NOW(), 1646536974896476162, 2067963391396630540),
(2067969211748483087, NOW(), NOW(), 1646536974896476162, 2067963391396630541),
(2067969211748483088, NOW(), NOW(), 1646536974896476162, 2067963391396630542),
(2067969211748483089, NOW(), NOW(), 1646536974896476162, 2067963391396630543);

INSERT IGNORE INTO `t_menu`
(`id`, `create_time`, `update_time`, `parent_id`, `code`, `name`, `menu_type`, `route_name`, `path`, `component`, `icon`, `hidden`, `always_show`, `is_out_link`, `index`, `is_active`)
VALUES
(2067977890198003712, NOW(), NOW(), 0, 'content', '内容管理', 0, 'Content', '/content', '', 'carbon:document', 0, 0, 0, 200, 1),
(2067977890198003713, NOW(), NOW(), 2067977890198003712, 'content:article', '文章管理', 1, 'ContentArticle', '/content/article', '/content/article/index', 'carbon:document', 0, 0, 0, 201, 1),
(2067977890198003714, NOW(), NOW(), 2067977890198003713, 'content:article:query', '文章查询', 2, '', '', '', '', 0, 0, 0, 201001, 1),
(2067980412786458624, NOW(), NOW(), 2067977890198003713, 'content:article:create', '文章新增', 2, '', '', '', '', 0, 0, 0, 201002, 1),
(2067977890198003715, NOW(), NOW(), 2067977890198003713, 'content:article:update', '文章编辑', 2, '', '', '', '', 0, 0, 0, 201003, 1),
(2067977890198003716, NOW(), NOW(), 2067977890198003713, 'content:article:publish', '文章发布', 2, '', '', '', '', 0, 0, 0, 201004, 1),
(2067977890198003717, NOW(), NOW(), 2067977890198003713, 'content:article:delete', '文章删除', 2, '', '', '', '', 0, 0, 0, 201005, 1),
(2067977890198003718, NOW(), NOW(), 2067977890198003712, 'content:category', '分类管理', 1, 'ContentCategory', '/content/category', '/content/category/index', 'carbon:folder', 0, 0, 0, 202, 1),
(2067977890198003719, NOW(), NOW(), 2067977890198003718, 'content:category:query', '分类查询', 2, '', '', '', '', 0, 0, 0, 202001, 1),
(2067977890198003720, NOW(), NOW(), 2067977890198003718, 'content:category:create', '分类新增', 2, '', '', '', '', 0, 0, 0, 202002, 1),
(2067977890198003721, NOW(), NOW(), 2067977890198003718, 'content:category:update', '分类编辑', 2, '', '', '', '', 0, 0, 0, 202003, 1),
(2067977890198003722, NOW(), NOW(), 2067977890198003718, 'content:category:delete', '分类删除', 2, '', '', '', '', 0, 0, 0, 202004, 1),
(2067977890198003723, NOW(), NOW(), 2067977890198003712, 'content:tag', '标签管理', 1, 'ContentTag', '/content/tag', '/content/tag/index', 'carbon:tag', 0, 0, 0, 203, 1),
(2067977890198003724, NOW(), NOW(), 2067977890198003723, 'content:tag:query', '标签查询', 2, '', '', '', '', 0, 0, 0, 203001, 1),
(2067977890198003725, NOW(), NOW(), 2067977890198003723, 'content:tag:create', '标签新增', 2, '', '', '', '', 0, 0, 0, 203002, 1),
(2067977890198003726, NOW(), NOW(), 2067977890198003723, 'content:tag:update', '标签编辑', 2, '', '', '', '', 0, 0, 0, 203003, 1),
(2067977890198003727, NOW(), NOW(), 2067977890198003723, 'content:tag:delete', '标签删除', 2, '', '', '', '', 0, 0, 0, 203004, 1),
(2067992351298994176, NOW(), NOW(), 2067977890198003712, 'content:comment', '评论管理', 1, 'ContentComment', '/content/comment', '/content/comment/index', 'carbon:chat', 0, 0, 0, 204, 1),
(2067992351298994177, NOW(), NOW(), 2067992351298994176, 'content:comment:query', '评论查询', 2, '', '', '', '', 0, 0, 0, 204001, 1),
(2067992351298994178, NOW(), NOW(), 2067992351298994176, 'content:comment:update', '评论编辑', 2, '', '', '', '', 0, 0, 0, 204002, 1),
(2067992351298994179, NOW(), NOW(), 2067992351298994176, 'content:comment:status', '评论状态', 2, '', '', '', '', 0, 0, 0, 204003, 1),
(2067992351298994180, NOW(), NOW(), 2067992351298994176, 'content:comment:delete', '评论删除', 2, '', '', '', '', 0, 0, 0, 204004, 1),
(2067992351298994181, NOW(), NOW(), 2067977890198003712, 'content:message', '留言管理', 1, 'ContentMessage', '/content/message', '/content/message/index', 'carbon:email', 0, 0, 0, 205, 1),
(2067992351298994182, NOW(), NOW(), 2067992351298994181, 'content:message:query', '留言查询', 2, '', '', '', '', 0, 0, 0, 205001, 1),
(2067992351298994183, NOW(), NOW(), 2067992351298994181, 'content:message:update', '留言编辑', 2, '', '', '', '', 0, 0, 0, 205002, 1),
(2067992351298994184, NOW(), NOW(), 2067992351298994181, 'content:message:delete', '留言删除', 2, '', '', '', '', 0, 0, 0, 205003, 1);

INSERT IGNORE INTO `t_role_menu`
(`id`, `create_time`, `update_time`, `role_id`, `menu_id`)
VALUES
(2067977890198003728, NOW(), NOW(), 2067963391396630528, 2067977890198003712),
(2067977890198003729, NOW(), NOW(), 2067963391396630528, 2067977890198003713),
(2067977890198003730, NOW(), NOW(), 2067963391396630528, 2067977890198003714),
(2067980412786458625, NOW(), NOW(), 2067963391396630528, 2067980412786458624),
(2067977890198003731, NOW(), NOW(), 2067963391396630528, 2067977890198003715),
(2067977890198003732, NOW(), NOW(), 2067963391396630528, 2067977890198003716),
(2067977890198003733, NOW(), NOW(), 2067963391396630528, 2067977890198003717),
(2067977890198003734, NOW(), NOW(), 2067963391396630528, 2067977890198003718),
(2067977890198003735, NOW(), NOW(), 2067963391396630528, 2067977890198003719),
(2067977890198003736, NOW(), NOW(), 2067963391396630528, 2067977890198003720),
(2067977890198003737, NOW(), NOW(), 2067963391396630528, 2067977890198003721),
(2067977890198003738, NOW(), NOW(), 2067963391396630528, 2067977890198003722),
(2067977890198003739, NOW(), NOW(), 2067963391396630528, 2067977890198003723),
(2067977890198003740, NOW(), NOW(), 2067963391396630528, 2067977890198003724),
(2067977890198003741, NOW(), NOW(), 2067963391396630528, 2067977890198003725),
(2067977890198003742, NOW(), NOW(), 2067963391396630528, 2067977890198003726),
(2067977890198003743, NOW(), NOW(), 2067963391396630528, 2067977890198003727),
(2067977890198003744, NOW(), NOW(), 1646536974896476162, 2067977890198003712),
(2067977890198003745, NOW(), NOW(), 1646536974896476162, 2067977890198003713),
(2067977890198003746, NOW(), NOW(), 1646536974896476162, 2067977890198003714),
(2067980412786458626, NOW(), NOW(), 1646536974896476162, 2067980412786458624),
(2067977890198003747, NOW(), NOW(), 1646536974896476162, 2067977890198003715),
(2067977890198003748, NOW(), NOW(), 1646536974896476162, 2067977890198003716),
(2067977890198003749, NOW(), NOW(), 1646536974896476162, 2067977890198003717),
(2067977890198003750, NOW(), NOW(), 1646536974896476162, 2067977890198003718),
(2067977890198003751, NOW(), NOW(), 1646536974896476162, 2067977890198003719),
(2067977890198003752, NOW(), NOW(), 1646536974896476162, 2067977890198003720),
(2067977890198003753, NOW(), NOW(), 1646536974896476162, 2067977890198003721),
(2067977890198003754, NOW(), NOW(), 1646536974896476162, 2067977890198003722),
(2067977890198003755, NOW(), NOW(), 1646536974896476162, 2067977890198003723),
(2067977890198003756, NOW(), NOW(), 1646536974896476162, 2067977890198003724),
(2067977890198003757, NOW(), NOW(), 1646536974896476162, 2067977890198003725),
(2067977890198003758, NOW(), NOW(), 1646536974896476162, 2067977890198003726),
(2067977890198003759, NOW(), NOW(), 1646536974896476162, 2067977890198003727),
(2067992351298994185, NOW(), NOW(), 2067963391396630528, 2067992351298994176),
(2067992351298994186, NOW(), NOW(), 2067963391396630528, 2067992351298994177),
(2067992351298994187, NOW(), NOW(), 2067963391396630528, 2067992351298994178),
(2067992351298994188, NOW(), NOW(), 2067963391396630528, 2067992351298994179),
(2067992351298994189, NOW(), NOW(), 2067963391396630528, 2067992351298994180),
(2067992351298994190, NOW(), NOW(), 2067963391396630528, 2067992351298994181),
(2067992351298994191, NOW(), NOW(), 2067963391396630528, 2067992351298994182),
(2067992351298994192, NOW(), NOW(), 2067963391396630528, 2067992351298994183),
(2067992351298994193, NOW(), NOW(), 2067963391396630528, 2067992351298994184),
(2067992351298994194, NOW(), NOW(), 1646536974896476162, 2067992351298994176),
(2067992351298994195, NOW(), NOW(), 1646536974896476162, 2067992351298994177),
(2067992351298994196, NOW(), NOW(), 1646536974896476162, 2067992351298994178),
(2067992351298994197, NOW(), NOW(), 1646536974896476162, 2067992351298994179),
(2067992351298994198, NOW(), NOW(), 1646536974896476162, 2067992351298994180),
(2067992351298994199, NOW(), NOW(), 1646536974896476162, 2067992351298994181),
(2067992351298994200, NOW(), NOW(), 1646536974896476162, 2067992351298994182),
(2067992351298994201, NOW(), NOW(), 1646536974896476162, 2067992351298994183),
(2067992351298994202, NOW(), NOW(), 1646536974896476162, 2067992351298994184);

INSERT IGNORE INTO `t_menu`
(`id`, `create_time`, `update_time`, `parent_id`, `code`, `name`, `menu_type`, `route_name`, `path`, `component`, `icon`, `hidden`, `always_show`, `is_out_link`, `index`, `is_active`)
VALUES
(2068000000000000000, NOW(), NOW(), 2067977890198003712, 'content:pictureAlbum', '图册管理', 1, 'ContentPictureAlbum', '/content/picture-album', '/content/picture-album/index', 'carbon:image-copy', 0, 0, 0, 206, 1),
(2068000000000000001, NOW(), NOW(), 2068000000000000000, 'content:pictureAlbum:query', '图册查询', 2, '', '', '', '', 0, 0, 0, 206001, 1),
(2068000000000000002, NOW(), NOW(), 2068000000000000000, 'content:pictureAlbum:create', '图册新增', 2, '', '', '', '', 0, 0, 0, 206002, 1),
(2068000000000000003, NOW(), NOW(), 2068000000000000000, 'content:pictureAlbum:update', '图册编辑', 2, '', '', '', '', 0, 0, 0, 206003, 1),
(2068000000000000004, NOW(), NOW(), 2068000000000000000, 'content:pictureAlbum:status', '图册状态', 2, '', '', '', '', 0, 0, 0, 206004, 1),
(2068000000000000005, NOW(), NOW(), 2068000000000000000, 'content:pictureAlbum:delete', '图册删除', 2, '', '', '', '', 0, 0, 0, 206005, 1),
(2068000000000000006, NOW(), NOW(), 2067977890198003712, 'content:picture', '图片管理', 1, 'ContentPicture', '/content/picture', '/content/picture/index', 'carbon:image', 0, 0, 0, 207, 1),
(2068000000000000007, NOW(), NOW(), 2068000000000000006, 'content:picture:query', '图片查询', 2, '', '', '', '', 0, 0, 0, 207001, 1),
(2068000000000000008, NOW(), NOW(), 2068000000000000006, 'content:picture:create', '图片新增', 2, '', '', '', '', 0, 0, 0, 207002, 1),
(2068000000000000009, NOW(), NOW(), 2068000000000000006, 'content:picture:update', '图片编辑', 2, '', '', '', '', 0, 0, 0, 207003, 1),
(2068000000000000010, NOW(), NOW(), 2068000000000000006, 'content:picture:status', '图片状态', 2, '', '', '', '', 0, 0, 0, 207004, 1),
(2068000000000000011, NOW(), NOW(), 2068000000000000006, 'content:picture:delete', '图片删除', 2, '', '', '', '', 0, 0, 0, 207005, 1),
(2068000000000000012, NOW(), NOW(), 2067977890198003712, 'content:link', '友链管理', 1, 'ContentLink', '/content/link', '/content/link/index', 'carbon:link', 0, 0, 0, 208, 1),
(2068000000000000013, NOW(), NOW(), 2068000000000000012, 'content:link:query', '友链查询', 2, '', '', '', '', 0, 0, 0, 208001, 1),
(2068000000000000014, NOW(), NOW(), 2068000000000000012, 'content:link:create', '友链新增', 2, '', '', '', '', 0, 0, 0, 208002, 1),
(2068000000000000015, NOW(), NOW(), 2068000000000000012, 'content:link:update', '友链编辑', 2, '', '', '', '', 0, 0, 0, 208003, 1),
(2068000000000000016, NOW(), NOW(), 2068000000000000012, 'content:link:status', '友链状态', 2, '', '', '', '', 0, 0, 0, 208004, 1),
(2068000000000000017, NOW(), NOW(), 2068000000000000012, 'content:link:delete', '友链删除', 2, '', '', '', '', 0, 0, 0, 208005, 1),
(2068000000000000018, NOW(), NOW(), 2067977890198003712, 'content:websiteCategory', '导航分类', 1, 'ContentWebsiteCategory', '/content/website-category', '/content/website-category/index', 'carbon:folder-details', 0, 0, 0, 209, 1),
(2068000000000000019, NOW(), NOW(), 2068000000000000018, 'content:websiteCategory:query', '导航分类查询', 2, '', '', '', '', 0, 0, 0, 209001, 1),
(2068000000000000020, NOW(), NOW(), 2068000000000000018, 'content:websiteCategory:create', '导航分类新增', 2, '', '', '', '', 0, 0, 0, 209002, 1),
(2068000000000000021, NOW(), NOW(), 2068000000000000018, 'content:websiteCategory:update', '导航分类编辑', 2, '', '', '', '', 0, 0, 0, 209003, 1),
(2068000000000000022, NOW(), NOW(), 2068000000000000018, 'content:websiteCategory:delete', '导航分类删除', 2, '', '', '', '', 0, 0, 0, 209004, 1),
(2068000000000000023, NOW(), NOW(), 2067977890198003712, 'content:website', '网站导航', 1, 'ContentWebsite', '/content/website', '/content/website/index', 'carbon:earth', 0, 0, 0, 210, 1),
(2068000000000000024, NOW(), NOW(), 2068000000000000023, 'content:website:query', '网站导航查询', 2, '', '', '', '', 0, 0, 0, 210001, 1),
(2068000000000000025, NOW(), NOW(), 2068000000000000023, 'content:website:create', '网站导航新增', 2, '', '', '', '', 0, 0, 0, 210002, 1),
(2068000000000000026, NOW(), NOW(), 2068000000000000023, 'content:website:update', '网站导航编辑', 2, '', '', '', '', 0, 0, 0, 210003, 1),
(2068000000000000027, NOW(), NOW(), 2068000000000000023, 'content:website:status', '网站导航状态', 2, '', '', '', '', 0, 0, 0, 210004, 1),
(2068000000000000028, NOW(), NOW(), 2068000000000000023, 'content:website:delete', '网站导航删除', 2, '', '', '', '', 0, 0, 0, 210005, 1),
(2068000000000000034, NOW(), NOW(), 2067977890198003712, 'content:config', '配置管理', 1, 'ContentConfig', '/content/config', '/content/config/index', 'carbon:settings-adjust', 0, 0, 0, 212, 1),
(2068000000000000035, NOW(), NOW(), 2068000000000000034, 'content:config:query', '配置查询', 2, '', '', '', '', 0, 0, 0, 212001, 1),
(2068000000000000036, NOW(), NOW(), 2068000000000000034, 'content:config:create', '配置新增', 2, '', '', '', '', 0, 0, 0, 212002, 1),
(2068000000000000037, NOW(), NOW(), 2068000000000000034, 'content:config:update', '配置编辑', 2, '', '', '', '', 0, 0, 0, 212003, 1),
(2068000000000000038, NOW(), NOW(), 2068000000000000034, 'content:config:delete', '配置删除', 2, '', '', '', '', 0, 0, 0, 212004, 1);

INSERT IGNORE INTO `t_role_menu`
(`id`, `create_time`, `update_time`, `role_id`, `menu_id`)
SELECT 2068000000000001000 + seq, NOW(), NOW(), role_id, menu_id
FROM (
    SELECT 0 AS seq, 2067963391396630528 AS role_id, 2068000000000000000 AS menu_id UNION ALL
    SELECT 1, 2067963391396630528, 2068000000000000001 UNION ALL
    SELECT 2, 2067963391396630528, 2068000000000000002 UNION ALL
    SELECT 3, 2067963391396630528, 2068000000000000003 UNION ALL
    SELECT 4, 2067963391396630528, 2068000000000000004 UNION ALL
    SELECT 5, 2067963391396630528, 2068000000000000005 UNION ALL
    SELECT 6, 2067963391396630528, 2068000000000000006 UNION ALL
    SELECT 7, 2067963391396630528, 2068000000000000007 UNION ALL
    SELECT 8, 2067963391396630528, 2068000000000000008 UNION ALL
    SELECT 9, 2067963391396630528, 2068000000000000009 UNION ALL
    SELECT 10, 2067963391396630528, 2068000000000000010 UNION ALL
    SELECT 11, 2067963391396630528, 2068000000000000011 UNION ALL
    SELECT 12, 2067963391396630528, 2068000000000000012 UNION ALL
    SELECT 13, 2067963391396630528, 2068000000000000013 UNION ALL
    SELECT 14, 2067963391396630528, 2068000000000000014 UNION ALL
    SELECT 15, 2067963391396630528, 2068000000000000015 UNION ALL
    SELECT 16, 2067963391396630528, 2068000000000000016 UNION ALL
    SELECT 17, 2067963391396630528, 2068000000000000017 UNION ALL
    SELECT 18, 2067963391396630528, 2068000000000000018 UNION ALL
    SELECT 19, 2067963391396630528, 2068000000000000019 UNION ALL
    SELECT 20, 2067963391396630528, 2068000000000000020 UNION ALL
    SELECT 21, 2067963391396630528, 2068000000000000021 UNION ALL
    SELECT 22, 2067963391396630528, 2068000000000000022 UNION ALL
    SELECT 23, 2067963391396630528, 2068000000000000023 UNION ALL
    SELECT 24, 2067963391396630528, 2068000000000000024 UNION ALL
    SELECT 25, 2067963391396630528, 2068000000000000025 UNION ALL
    SELECT 26, 2067963391396630528, 2068000000000000026 UNION ALL
    SELECT 27, 2067963391396630528, 2068000000000000027 UNION ALL
    SELECT 28, 2067963391396630528, 2068000000000000028 UNION ALL
    SELECT 29, 2067963391396630528, 2068000000000000029 UNION ALL
    SELECT 30, 2067963391396630528, 2068000000000000030 UNION ALL
    SELECT 31, 2067963391396630528, 2068000000000000031 UNION ALL
    SELECT 32, 2067963391396630528, 2068000000000000032 UNION ALL
    SELECT 33, 2067963391396630528, 2068000000000000033 UNION ALL
    SELECT 34, 2067963391396630528, 2068000000000000034 UNION ALL
    SELECT 35, 2067963391396630528, 2068000000000000035 UNION ALL
    SELECT 36, 2067963391396630528, 2068000000000000036 UNION ALL
    SELECT 37, 2067963391396630528, 2068000000000000037 UNION ALL
    SELECT 38, 2067963391396630528, 2068000000000000038 UNION ALL
    SELECT 39, 1646536974896476162, 2068000000000000000 UNION ALL
    SELECT 40, 1646536974896476162, 2068000000000000001 UNION ALL
    SELECT 41, 1646536974896476162, 2068000000000000002 UNION ALL
    SELECT 42, 1646536974896476162, 2068000000000000003 UNION ALL
    SELECT 43, 1646536974896476162, 2068000000000000004 UNION ALL
    SELECT 44, 1646536974896476162, 2068000000000000005 UNION ALL
    SELECT 45, 1646536974896476162, 2068000000000000006 UNION ALL
    SELECT 46, 1646536974896476162, 2068000000000000007 UNION ALL
    SELECT 47, 1646536974896476162, 2068000000000000008 UNION ALL
    SELECT 48, 1646536974896476162, 2068000000000000009 UNION ALL
    SELECT 49, 1646536974896476162, 2068000000000000010 UNION ALL
    SELECT 50, 1646536974896476162, 2068000000000000011 UNION ALL
    SELECT 51, 1646536974896476162, 2068000000000000012 UNION ALL
    SELECT 52, 1646536974896476162, 2068000000000000013 UNION ALL
    SELECT 53, 1646536974896476162, 2068000000000000014 UNION ALL
    SELECT 54, 1646536974896476162, 2068000000000000015 UNION ALL
    SELECT 55, 1646536974896476162, 2068000000000000016 UNION ALL
    SELECT 56, 1646536974896476162, 2068000000000000017 UNION ALL
    SELECT 57, 1646536974896476162, 2068000000000000018 UNION ALL
    SELECT 58, 1646536974896476162, 2068000000000000019 UNION ALL
    SELECT 59, 1646536974896476162, 2068000000000000020 UNION ALL
    SELECT 60, 1646536974896476162, 2068000000000000021 UNION ALL
    SELECT 61, 1646536974896476162, 2068000000000000022 UNION ALL
    SELECT 62, 1646536974896476162, 2068000000000000023 UNION ALL
    SELECT 63, 1646536974896476162, 2068000000000000024 UNION ALL
    SELECT 64, 1646536974896476162, 2068000000000000025 UNION ALL
    SELECT 65, 1646536974896476162, 2068000000000000026 UNION ALL
    SELECT 66, 1646536974896476162, 2068000000000000027 UNION ALL
    SELECT 67, 1646536974896476162, 2068000000000000028 UNION ALL
    SELECT 68, 1646536974896476162, 2068000000000000029 UNION ALL
    SELECT 69, 1646536974896476162, 2068000000000000030 UNION ALL
    SELECT 70, 1646536974896476162, 2068000000000000031 UNION ALL
    SELECT 71, 1646536974896476162, 2068000000000000032 UNION ALL
    SELECT 72, 1646536974896476162, 2068000000000000033 UNION ALL
    SELECT 73, 1646536974896476162, 2068000000000000034 UNION ALL
    SELECT 74, 1646536974896476162, 2068000000000000035 UNION ALL
    SELECT 75, 1646536974896476162, 2068000000000000036 UNION ALL
    SELECT 76, 1646536974896476162, 2068000000000000037 UNION ALL
    SELECT 77, 1646536974896476162, 2068000000000000038
) AS role_menu_seed;

INSERT IGNORE INTO `t_menu`
(`id`, `create_time`, `update_time`, `parent_id`, `code`, `name`, `menu_type`, `route_name`, `path`, `component`, `icon`, `hidden`, `always_show`, `is_out_link`, `index`, `is_active`)
VALUES
(2068010000000000000, NOW(), NOW(), 0, 'operation', '运营管理', 0, 'Operation', '/operation', '', 'carbon:operations-field', 0, 0, 0, 300, 1),
(2068010000000000001, NOW(), NOW(), 2068010000000000000, 'operation:job', '定时任务', 1, 'OperationJob', '/operation/job', '/operation/job/index', 'carbon:timer', 0, 0, 0, 301, 1),
(2068010000000000002, NOW(), NOW(), 2068010000000000001, 'operation:job:query', '定时任务查询', 2, '', '', '', '', 0, 0, 0, 301001, 1),
(2068010000000000003, NOW(), NOW(), 2068010000000000001, 'operation:job:create', '定时任务新增', 2, '', '', '', '', 0, 0, 0, 301002, 1),
(2068010000000000004, NOW(), NOW(), 2068010000000000001, 'operation:job:update', '定时任务编辑', 2, '', '', '', '', 0, 0, 0, 301003, 1),
(2068010000000000005, NOW(), NOW(), 2068010000000000001, 'operation:job:status', '定时任务状态', 2, '', '', '', '', 0, 0, 0, 301004, 1),
(2068010000000000006, NOW(), NOW(), 2068010000000000001, 'operation:job:delete', '定时任务删除', 2, '', '', '', '', 0, 0, 0, 301005, 1),
(2068010000000000007, NOW(), NOW(), 2068010000000000000, 'operation:source', '资源管理', 1, 'OperationSource', '/operation/source', '/operation/source/index', 'carbon:document-attachment', 0, 0, 0, 302, 1),
(2068010000000000008, NOW(), NOW(), 2068010000000000007, 'operation:source:query', '资源查询', 2, '', '', '', '', 0, 0, 0, 302001, 1),
(2068010000000000009, NOW(), NOW(), 2068010000000000007, 'operation:source:update', '资源编辑', 2, '', '', '', '', 0, 0, 0, 302002, 1),
(2068010000000000010, NOW(), NOW(), 2068010000000000007, 'operation:source:delete', '资源删除', 2, '', '', '', '', 0, 0, 0, 302003, 1),
(2068010000000000011, NOW(), NOW(), 2068010000000000000, 'operation:notice', '通知管理', 1, 'OperationNotice', '/operation/notice', '/operation/notice/index', 'carbon:notification', 0, 0, 0, 303, 1),
(2068010000000000012, NOW(), NOW(), 2068010000000000011, 'operation:notice:query', '通知查询', 2, '', '', '', '', 0, 0, 0, 303001, 1),
(2068010000000000013, NOW(), NOW(), 2068010000000000011, 'operation:notice:update', '通知编辑', 2, '', '', '', '', 0, 0, 0, 303002, 1),
(2068010000000000014, NOW(), NOW(), 2068010000000000011, 'operation:notice:delete', '通知删除', 2, '', '', '', '', 0, 0, 0, 303003, 1),
(2068010000000000015, NOW(), NOW(), 2068010000000000000, 'operation:restriction', '用户限制', 1, 'OperationRestriction', '/operation/restriction', '/operation/restriction/index', 'carbon:user-access', 0, 0, 0, 304, 1),
(2068010000000000016, NOW(), NOW(), 2068010000000000015, 'operation:restriction:query', '用户限制查询', 2, '', '', '', '', 0, 0, 0, 304001, 1),
(2068010000000000017, NOW(), NOW(), 2068010000000000015, 'operation:restriction:create', '用户限制新增', 2, '', '', '', '', 0, 0, 0, 304002, 1),
(2068010000000000018, NOW(), NOW(), 2068010000000000015, 'operation:restriction:update', '用户限制编辑', 2, '', '', '', '', 0, 0, 0, 304003, 1),
(2068010000000000019, NOW(), NOW(), 2068010000000000015, 'operation:restriction:cancel', '用户限制解除', 2, '', '', '', '', 0, 0, 0, 304004, 1),
(2068010000000000020, NOW(), NOW(), 2068010000000000015, 'operation:restriction:delete', '用户限制删除', 2, '', '', '', '', 0, 0, 0, 304005, 1);

INSERT IGNORE INTO `t_role_menu`
(`id`, `create_time`, `update_time`, `role_id`, `menu_id`)
SELECT 2068010000000001000 + seq, NOW(), NOW(), role_id, menu_id
FROM (
    SELECT 0 AS seq, 2067963391396630528 AS role_id, 2068010000000000000 AS menu_id UNION ALL
    SELECT 1, 2067963391396630528, 2068010000000000001 UNION ALL
    SELECT 2, 2067963391396630528, 2068010000000000002 UNION ALL
    SELECT 3, 2067963391396630528, 2068010000000000003 UNION ALL
    SELECT 4, 2067963391396630528, 2068010000000000004 UNION ALL
    SELECT 5, 2067963391396630528, 2068010000000000005 UNION ALL
    SELECT 6, 2067963391396630528, 2068010000000000006 UNION ALL
    SELECT 7, 2067963391396630528, 2068010000000000007 UNION ALL
    SELECT 8, 2067963391396630528, 2068010000000000008 UNION ALL
    SELECT 9, 2067963391396630528, 2068010000000000009 UNION ALL
    SELECT 10, 2067963391396630528, 2068010000000000010 UNION ALL
    SELECT 11, 2067963391396630528, 2068010000000000011 UNION ALL
    SELECT 12, 2067963391396630528, 2068010000000000012 UNION ALL
    SELECT 13, 2067963391396630528, 2068010000000000013 UNION ALL
    SELECT 14, 2067963391396630528, 2068010000000000014 UNION ALL
    SELECT 15, 2067963391396630528, 2068010000000000015 UNION ALL
    SELECT 16, 2067963391396630528, 2068010000000000016 UNION ALL
    SELECT 17, 2067963391396630528, 2068010000000000017 UNION ALL
    SELECT 18, 2067963391396630528, 2068010000000000018 UNION ALL
    SELECT 19, 2067963391396630528, 2068010000000000019 UNION ALL
    SELECT 20, 2067963391396630528, 2068010000000000020 UNION ALL
    SELECT 21, 1646536974896476162, 2068010000000000000 UNION ALL
    SELECT 22, 1646536974896476162, 2068010000000000001 UNION ALL
    SELECT 23, 1646536974896476162, 2068010000000000002 UNION ALL
    SELECT 24, 1646536974896476162, 2068010000000000003 UNION ALL
    SELECT 25, 1646536974896476162, 2068010000000000004 UNION ALL
    SELECT 26, 1646536974896476162, 2068010000000000005 UNION ALL
    SELECT 27, 1646536974896476162, 2068010000000000006 UNION ALL
    SELECT 28, 1646536974896476162, 2068010000000000007 UNION ALL
    SELECT 29, 1646536974896476162, 2068010000000000008 UNION ALL
    SELECT 30, 1646536974896476162, 2068010000000000009 UNION ALL
    SELECT 31, 1646536974896476162, 2068010000000000010 UNION ALL
    SELECT 32, 1646536974896476162, 2068010000000000011 UNION ALL
    SELECT 33, 1646536974896476162, 2068010000000000012 UNION ALL
    SELECT 34, 1646536974896476162, 2068010000000000013 UNION ALL
    SELECT 35, 1646536974896476162, 2068010000000000014 UNION ALL
    SELECT 36, 1646536974896476162, 2068010000000000015 UNION ALL
    SELECT 37, 1646536974896476162, 2068010000000000016 UNION ALL
    SELECT 38, 1646536974896476162, 2068010000000000017 UNION ALL
    SELECT 39, 1646536974896476162, 2068010000000000018 UNION ALL
    SELECT 40, 1646536974896476162, 2068010000000000019 UNION ALL
    SELECT 41, 1646536974896476162, 2068010000000000020
) AS operation_role_menu_seed;
